ping_id,timestamp,latitude,longitude,has_injected_debris
0,0.0,45.045,-83.327694,True
1,0.2,45.045,-83.327687,False
2,0.4,45.045,-83.327681,False
3,0.6,45.045,-83.327675,False
4,0.8,45.045,-83.327668,False
5,1.0,45.045,-83.327662,False
6,1.2,45.045,-83.327655,False
7,1.4,45.045,-83.327649,False
8,1.6,45.045,-83.327643,False
9,1.8,45.045,-83.327636,False
10,2.0,45.045,-83.32763,False
11,2.2,45.045,-83.327624,False
12,2.4,45.045,-83.327617,False
13,2.6,45.045,-83.327611,False
14,2.8,45.045,-83.327605,False
15,3.0,45.045,-83.327598,False
16,3.2,45.045,-83.327592,False
17,3.4,45.045,-83.327585,False
18,3.6,45.045,-83.327579,False
19,3.8,45.045,-83.327573,True
20,4.0,45.045,-83.327566,False
21,4.2,45.045,-83.32756,False
22,4.4,45.045,-83.327554,False
23,4.6,45.045,-83.327547,False
24,4.8,45.045,-83.327541,False
25,5.0,45.045,-83.327535,False
26,5.2,45.045,-83.327528,False
27,5.4,45.045,-83.327522,False
28,5.6,45.045,-83.327515,False
29,5.8,45.045,-83.327509,False
30,6.0,45.045,-83.327503,True
31,6.2,45.045,-83.327496,True
32,6.4,45.045,-83.32749,False
33,6.6,45.045,-83.327484,False
34,6.8,45.045,-83.327477,False
35,7.0,45.045,-83.327471,False
36,7.2,45.045,-83.327465,False
37,7.4,45.045,-83.327458,True
38,7.6,45.045,-83.327452,False
39,7.8,45.045,-83.327445,False
40,8.0,45.045,-83.327439,False
41,8.2,45.045,-83.327433,False
42,8.4,45.045,-83.327426,False
43,8.6,45.045,-83.32742,True
44,8.8,45.045,-83.327414,False
45,9.0,45.045,-83.327407,False
46,9.2,45.045,-83.327401,False
47,9.4,45.045,-83.327395,False
48,9.6,45.045,-83.327388,False
49,9.8,45.045,-83.327382,False
50,10.0,45.045,-83.327375,False
51,10.2,45.045,-83.327369,False
52,10.4,45.045,-83.327363,False
53,10.6,45.045,-83.327356,False
54,10.8,45.045,-83.32735,False
55,11.0,45.045,-83.327344,False
56,11.2,45.045,-83.327337,False
57,11.4,45.045,-83.327331,False
58,11.6,45.045,-83.327325,False
59,11.8,45.045,-83.327318,False
60,12.0,45.045,-83.327312,False
61,12.2,45.045,-83.327305,False
62,12.4,45.045,-83.327299,False
63,12.6,45.045,-83.327293,False
64,12.8,45.045,-83.327286,False
65,13.0,45.045,-83.32728,False
66,13.2,45.045,-83.327274,False
67,13.4,45.045,-83.327267,False
68,13.6,45.045,-83.327261,False
69,13.8,45.045,-83.327255,False
70,14.0,45.045,-83.327248,False
71,14.2,45.045,-83.327242,False
72,14.4,45.045,-83.327235,False
73,14.6,45.045,-83.327229,False
74,14.8,45.045,-83.327223,False
75,15.0,45.045,-83.327216,True
76,15.2,45.045,-83.32721,False
77,15.4,45.045,-83.327204,False
78,15.6,45.045,-83.327197,False
79,15.8,45.045,-83.327191,False
80,16.0,45.045,-83.327185,False
81,16.2,45.045,-83.327178,False
82,16.4,45.045,-83.327172,False
83,16.6,45.045,-83.327165,False
84,16.8,45.045,-83.327159,False
85,17.0,45.045,-83.327153,True
86,17.2,45.045,-83.327146,False
87,17.4,45.045,-83.32714,False
88,17.6,45.045,-83.327134,False
89,17.8,45.045,-83.327127,False
90,18.0,45.045,-83.327121,False
91,18.2,45.045,-83.327114,False
92,18.4,45.045,-83.327108,False
93,18.6,45.045,-83.327102,False
94,18.8,45.045,-83.327095,False
95,19.0,45.045,-83.327089,False
96,19.2,45.045,-83.327083,False
97,19.4,45.045,-83.327076,False
98,19.6,45.045,-83.32707,False
99,19.8,45.045,-83.327064,False
100,20.0,45.045,-83.327057,True
101,20.2,45.045,-83.327051,False
102,20.4,45.045,-83.327044,False
103,20.6,45.045,-83.327038,False
104,20.8,45.045,-83.327032,False
105,21.0,45.045,-83.327025,True
106,21.2,45.045,-83.327019,False
107,21.4,45.045,-83.327013,False
108,21.6,45.045,-83.327006,False
109,21.8,45.045,-83.327,False
110,22.0,45.045,-83.326994,False
111,22.2,45.045,-83.326987,False
112,22.4,45.045,-83.326981,False
113,22.6,45.045,-83.326974,False
114,22.8,45.045,-83.326968,False
115,23.0,45.045,-83.326962,False
116,23.2,45.045,-83.326955,False
117,23.4,45.045,-83.326949,False
118,23.6,45.045,-83.326943,False
119,23.8,45.045,-83.326936,True
120,24.0,45.045,-83.32693,False
121,24.2,45.045,-83.326924,False
122,24.4,45.045,-83.326917,False
123,24.6,45.045,-83.326911,False
124,24.8,45.045,-83.326904,False
125,25.0,45.045,-83.326898,False
126,25.2,45.045,-83.326892,False
127,25.4,45.045,-83.326885,False
128,25.6,45.045,-83.326879,False
129,25.8,45.045,-83.326873,False
130,26.0,45.045,-83.326866,False
131,26.2,45.045,-83.32686,False
132,26.4,45.045,-83.326854,False
133,26.6,45.045,-83.326847,False
134,26.8,45.045,-83.326841,False
135,27.0,45.045,-83.326834,False
136,27.2,45.045,-83.326828,False
137,27.4,45.045,-83.326822,False
138,27.6,45.045,-83.326815,False
139,27.8,45.045,-83.326809,False
140,28.0,45.045,-83.326803,False
141,28.2,45.045,-83.326796,False
142,28.4,45.045,-83.32679,False
143,28.6,45.045,-83.326784,False
144,28.8,45.045,-83.326777,False
145,29.0,45.045,-83.326771,False
146,29.2,45.045,-83.326764,False
147,29.4,45.045,-83.326758,False
148,29.6,45.045,-83.326752,False
149,29.8,45.045,-83.326745,False
150,30.0,45.045,-83.326739,False
151,30.2,45.045,-83.326733,False
152,30.4,45.045,-83.326726,False
153,30.6,45.045,-83.32672,False
154,30.8,45.045,-83.326714,True
155,31.0,45.045,-83.326707,False
156,31.2,45.045,-83.326701,True
157,31.4,45.045,-83.326694,False
158,31.6,45.045,-83.326688,False
159,31.8,45.045,-83.326682,False
160,32.0,45.045,-83.326675,True
161,32.2,45.045,-83.326669,False
162,32.4,45.045,-83.326663,False
163,32.6,45.045,-83.326656,False
164,32.8,45.045,-83.32665,False
165,33.0,45.045,-83.326644,False
166,33.2,45.045,-83.326637,False
167,33.4,45.045,-83.326631,False
168,33.6,45.045,-83.326624,False
169,33.8,45.045,-83.326618,False
170,34.0,45.045,-83.326612,False
171,34.2,45.045,-83.326605,False
172,34.4,45.045,-83.326599,True
173,34.6,45.045,-83.326593,False
174,34.8,45.045,-83.326586,False
175,35.0,45.045,-83.32658,False
176,35.2,45.045,-83.326574,False
177,35.4,45.045,-83.326567,False
178,35.6,45.045,-83.326561,False
179,35.8,45.045,-83.326554,False
180,36.0,45.045,-83.326548,False
181,36.2,45.045,-83.326542,False
182,36.4,45.045,-83.326535,False
183,36.6,45.045,-83.326529,False
184,36.8,45.045,-83.326523,False
185,37.0,45.045,-83.326516,False
186,37.2,45.045,-83.32651,True
187,37.4,45.045,-83.326504,False
188,37.6,45.045,-83.326497,False
189,37.8,45.045,-83.326491,True
190,38.0,45.045,-83.326484,False
191,38.2,45.045,-83.326478,False
192,38.4,45.045,-83.326472,False
193,38.6,45.045,-83.326465,False
194,38.8,45.045,-83.326459,False
195,39.0,45.045,-83.326453,False
196,39.2,45.045,-83.326446,False
197,39.4,45.045,-83.32644,False
198,39.6,45.045,-83.326434,True
199,39.8,45.045,-83.326427,False
200,40.0,45.045,-83.326421,False
201,40.2,45.045,-83.326414,False
202,40.4,45.045,-83.326408,False
203,40.6,45.045,-83.326402,False
204,40.8,45.045,-83.326395,False
205,41.0,45.045,-83.326389,False
206,41.2,45.045,-83.326383,False
207,41.4,45.045,-83.326376,True
208,41.6,45.045,-83.32637,True
209,41.8,45.045,-83.326364,False
210,42.0,45.045,-83.326357,False
211,42.2,45.045,-83.326351,True
212,42.4,45.045,-83.326344,False
213,42.6,45.045,-83.326338,False
214,42.8,45.045,-83.326332,False
215,43.0,45.045,-83.326325,True
216,43.2,45.045,-83.326319,False
217,43.4,45.045,-83.326313,False
218,43.6,45.045,-83.326306,False
219,43.8,45.045,-83.3263,False
220,44.0,45.045,-83.326294,True
221,44.2,45.045,-83.326287,False
222,44.4,45.045,-83.326281,False
223,44.6,45.045,-83.326274,False
224,44.8,45.045,-83.326268,False
225,45.0,45.045,-83.326262,False
226,45.2,45.045,-83.326255,False
227,45.4,45.045,-83.326249,False
228,45.6,45.045,-83.326243,False
229,45.8,45.045,-83.326236,False
230,46.0,45.045,-83.32623,False
231,46.2,45.045,-83.326224,True
232,46.4,45.045,-83.326217,False
233,46.6,45.045,-83.326211,False
234,46.8,45.045,-83.326204,False
235,47.0,45.045,-83.326198,False
236,47.2,45.045,-83.326192,False
237,47.4,45.045,-83.326185,False
238,47.6,45.045,-83.326179,False
239,47.8,45.045,-83.326173,True
240,48.0,45.045,-83.326166,False
241,48.2,45.045,-83.32616,False
242,48.4,45.045,-83.326154,False
243,48.6,45.045,-83.326147,False
244,48.8,45.045,-83.326141,False
245,49.0,45.045,-83.326134,False
246,49.2,45.045,-83.326128,False
247,49.4,45.045,-83.326122,False
248,49.6,45.045,-83.326115,False
249,49.8,45.045,-83.326109,False
250,50.0,45.045,-83.326103,True
251,50.2,45.045,-83.326096,False
252,50.4,45.045,-83.32609,False
253,50.6,45.045,-83.326084,False
254,50.8,45.045,-83.326077,False
255,51.0,45.045,-83.326071,False
256,51.2,45.045,-83.326064,False
257,51.4,45.045,-83.326058,False
258,51.6,45.045,-83.326052,False
259,51.8,45.045,-83.326045,False
260,52.0,45.045,-83.326039,False
261,52.2,45.045,-83.326033,False
262,52.4,45.045,-83.326026,True
263,52.6,45.045,-83.32602,False
264,52.8,45.045,-83.326013,False
265,53.0,45.045,-83.326007,False
266,53.2,45.045,-83.326001,False
267,53.4,45.045,-83.325994,False
268,53.6,45.045,-83.325988,False
269,53.8,45.045,-83.325982,False
270,54.0,45.045,-83.325975,False
271,54.2,45.045,-83.325969,False
272,54.4,45.045,-83.325963,False
273,54.6,45.045,-83.325956,False
274,54.8,45.045,-83.32595,False
275,55.0,45.045,-83.325943,False
276,55.2,45.045,-83.325937,False
277,55.4,45.045,-83.325931,False
278,55.6,45.045,-83.325924,False
279,55.8,45.045,-83.325918,False
280,56.0,45.045,-83.325912,False
281,56.2,45.045,-83.325905,False
282,56.4,45.045,-83.325899,False
283,56.6,45.045,-83.325893,False
284,56.8,45.045,-83.325886,False
285,57.0,45.045,-83.32588,True
286,57.2,45.045,-83.325873,False
287,57.4,45.045,-83.325867,True
288,57.6,45.045,-83.325861,False
289,57.8,45.045,-83.325854,True
290,58.0,45.045,-83.325848,True
291,58.2,45.045,-83.325842,False
292,58.4,45.045,-83.325835,False
293,58.6,45.045,-83.325829,False
294,58.8,45.045,-83.325823,False
295,59.0,45.045,-83.325816,False
296,59.2,45.045,-83.32581,False
297,59.4,45.045,-83.325803,False
298,59.6,45.045,-83.325797,False
299,59.8,45.045,-83.325791,False
300,60.0,45.045,-83.325784,False
301,60.2,45.045,-83.325778,False
302,60.4,45.045,-83.325772,False
303,60.6,45.045,-83.325765,False
304,60.8,45.045,-83.325759,False
305,61.0,45.045,-83.325753,False
306,61.2,45.045,-83.325746,False
307,61.4,45.045,-83.32574,False
308,61.6,45.045,-83.325733,False
309,61.8,45.045,-83.325727,False
310,62.0,45.045,-83.325721,False
311,62.2,45.045,-83.325714,True
312,62.4,45.045,-83.325708,False
313,62.6,45.045,-83.325702,False
314,62.8,45.045,-83.325695,False
315,63.0,45.045,-83.325689,False
316,63.2,45.045,-83.325683,False
317,63.4,45.045,-83.325676,False
318,63.6,45.045,-83.32567,False
319,63.8,45.045,-83.325663,False
320,64.0,45.045,-83.325657,False
321,64.2,45.045,-83.325651,False
322,64.4,45.045,-83.325644,False
323,64.6,45.045,-83.325638,False
324,64.8,45.045,-83.325632,False
325,65.0,45.045,-83.325625,True
326,65.2,45.045,-83.325619,False
327,65.4,45.045,-83.325613,True
328,65.6,45.045,-83.325606,False
329,65.8,45.045,-83.3256,False
330,66.0,45.045,-83.325593,False
331,66.2,45.045,-83.325587,False
332,66.4,45.045,-83.325581,False
333,66.6,45.045,-83.325574,False
334,66.8,45.045,-83.325568,False
335,67.0,45.045,-83.325562,False
336,67.2,45.045,-83.325555,False
337,67.4,45.045,-83.325549,False
338,67.6,45.045,-83.325543,False
339,67.8,45.045,-83.325536,False
340,68.0,45.045,-83.32553,False
341,68.2,45.045,-83.325523,False
342,68.4,45.045,-83.325517,False
343,68.6,45.045,-83.325511,False
344,68.8,45.045,-83.325504,False
345,69.0,45.045,-83.325498,False
346,69.2,45.045,-83.325492,True
347,69.4,45.045,-83.325485,True
348,69.6,45.045,-83.325479,False
349,69.8,45.045,-83.325473,True
350,70.0,45.045,-83.325466,False
351,70.2,45.045,-83.32546,False
352,70.4,45.045,-83.325453,False
353,70.6,45.045,-83.325447,False
354,70.8,45.045,-83.325441,False
355,71.0,45.045,-83.325434,False
356,71.2,45.045,-83.325428,False
357,71.4,45.045,-83.325422,False
358,71.6,45.045,-83.325415,True
359,71.8,45.045,-83.325409,True
360,72.0,45.045,-83.325403,False
361,72.2,45.045,-83.325396,False
362,72.4,45.045,-83.32539,True
363,72.6,45.045,-83.325383,False
364,72.8,45.045,-83.325377,False
365,73.0,45.045,-83.325371,True
366,73.2,45.045,-83.325364,False
367,73.4,45.045,-83.325358,False
368,73.6,45.045,-83.325352,False
369,73.8,45.045,-83.325345,False
370,74.0,45.045,-83.325339,False
371,74.2,45.045,-83.325333,True
372,74.4,45.045,-83.325326,False
373,74.6,45.045,-83.32532,False
374,74.8,45.045,-83.325313,False
375,75.0,45.045,-83.325307,False
376,75.2,45.045,-83.325301,False
377,75.4,45.045,-83.325294,False
378,75.6,45.045,-83.325288,True
379,75.8,45.045,-83.325282,False
380,76.0,45.045,-83.325275,False
381,76.2,45.045,-83.325269,False
382,76.4,45.045,-83.325263,False
383,76.6,45.045,-83.325256,False
384,76.8,45.045,-83.32525,True
385,77.0,45.045,-83.325243,False
386,77.2,45.045,-83.325237,False
387,77.4,45.045,-83.325231,False
388,77.6,45.045,-83.325224,False
389,77.8,45.045,-83.325218,False
390,78.0,45.045,-83.325212,False
391,78.2,45.045,-83.325205,False
392,78.4,45.045,-83.325199,False
393,78.6,45.045,-83.325193,False
394,78.8,45.045,-83.325186,False
395,79.0,45.045,-83.32518,True
396,79.2,45.045,-83.325173,True
397,79.4,45.045,-83.325167,False
398,79.6,45.045,-83.325161,False
399,79.8,45.045,-83.325154,False
400,80.0,45.045,-83.325148,False
401,80.2,45.045,-83.325142,False
402,80.4,45.045,-83.325135,False
403,80.6,45.045,-83.325129,True
404,80.8,45.045,-83.325123,False
405,81.0,45.045,-83.325116,False
406,81.2,45.045,-83.32511,False
407,81.4,45.045,-83.325103,True
408,81.6,45.045,-83.325097,False
409,81.8,45.045,-83.325091,False
410,82.0,45.045,-83.325084,False
411,82.2,45.045,-83.325078,False
412,82.4,45.045,-83.325072,False
413,82.6,45.045,-83.325065,False
414,82.8,45.045,-83.325059,False
415,83.0,45.045,-83.325053,False
416,83.2,45.045,-83.325046,False
417,83.4,45.045,-83.32504,False
418,83.6,45.045,-83.325033,False
419,83.8,45.045,-83.325027,False
420,84.0,45.045,-83.325021,False
421,84.2,45.045,-83.325014,False
422,84.4,45.045,-83.325008,False
423,84.6,45.045,-83.325002,False
424,84.8,45.045,-83.324995,False
425,85.0,45.045,-83.324989,False
426,85.2,45.045,-83.324983,False
427,85.4,45.045,-83.324976,False
428,85.6,45.045,-83.32497,False
429,85.8,45.045,-83.324963,False
430,86.0,45.045,-83.324957,False
431,86.2,45.045,-83.324951,False
432,86.4,45.045,-83.324944,False
433,86.6,45.045,-83.324938,False
434,86.8,45.045,-83.324932,False
435,87.0,45.045,-83.324925,True
436,87.2,45.045,-83.324919,False
437,87.4,45.045,-83.324912,False
438,87.6,45.045,-83.324906,False
439,87.8,45.045,-83.3249,False
440,88.0,45.045,-83.324893,False
441,88.2,45.045,-83.324887,False
442,88.4,45.045,-83.324881,False
443,88.6,45.045,-83.324874,False
444,88.8,45.045,-83.324868,False
445,89.0,45.045,-83.324862,False
446,89.2,45.045,-83.324855,True
447,89.4,45.045,-83.324849,True
448,89.6,45.045,-83.324842,True
449,89.8,45.045,-83.324836,False
450,90.0,45.045,-83.32483,True
451,90.2,45.045,-83.324823,False
452,90.4,45.045,-83.324817,False
453,90.6,45.045,-83.324811,False
454,90.8,45.045,-83.324804,False
455,91.0,45.045,-83.324798,False
456,91.2,45.045,-83.324792,False
457,91.4,45.045,-83.324785,True
458,91.6,45.045,-83.324779,False
459,91.8,45.045,-83.324772,False
460,92.0,45.045,-83.324766,True
461,92.2,45.045,-83.32476,False
462,92.4,45.045,-83.324753,False
463,92.6,45.045,-83.324747,False
464,92.8,45.045,-83.324741,False
465,93.0,45.045,-83.324734,False
466,93.2,45.045,-83.324728,False
467,93.4,45.045,-83.324722,True
468,93.6,45.045,-83.324715,False
469,93.8,45.045,-83.324709,False
470,94.0,45.045,-83.324702,False
471,94.2,45.045,-83.324696,False
472,94.4,45.045,-83.32469,False
473,94.6,45.045,-83.324683,False
474,94.8,45.045,-83.324677,True
475,95.0,45.045,-83.324671,False
476,95.2,45.045,-83.324664,False
477,95.4,45.045,-83.324658,False
478,95.6,45.045,-83.324652,False
479,95.8,45.045,-83.324645,True
480,96.0,45.045,-83.324639,False
481,96.2,45.045,-83.324632,False
482,96.4,45.045,-83.324626,False
483,96.6,45.045,-83.32462,False
484,96.8,45.045,-83.324613,False
485,97.0,45.045,-83.324607,True
486,97.2,45.045,-83.324601,True
487,97.4,45.045,-83.324594,False
488,97.6,45.045,-83.324588,False
489,97.8,45.045,-83.324582,False
490,98.0,45.045,-83.324575,True
491,98.2,45.045,-83.324569,False
492,98.4,45.045,-83.324562,False
493,98.6,45.045,-83.324556,False
494,98.8,45.045,-83.32455,False
495,99.0,45.045,-83.324543,False
496,99.2,45.045,-83.324537,False
497,99.4,45.045,-83.324531,False
498,99.6,45.045,-83.324524,False
499,99.8,45.045,-83.324518,False
